gene,number,sequence
ACVRL1,REC-GRNA-0000003,gtactcaccctgggtcacca
ACVRL1,REC-GRNA-0000004,gtagtggttgacgaactcgg
ACVRL1,REC-GRNA-0000179,gagaccctgtgaagccgtct
ACVRL1,REC-GRNA-0000182,cttgtggcacggtgagagtg
OPA1,REC-GRNA-0000226,agcttcaacgaccccaatta
OPA1,REC-GRNA-0000229,ggaagaacttctgcacactc
OPA1,REC-GRNA-0000230,atacgcaagatcatctgcca
OPA1,REC-GRNA-0000231,gatgacacgttctccagtta
TSC2,REC-GRNA-0006770,ccttacctgcccctgcacga
TSC2,REC-GRNA-0006771,ccaacgaagaccttcacgaa
TSC2,REC-GRNA-0006803,acaatcgcatccggatgata
ACVRL1,REC-GRNA-0006947,gcctccgtcggacatgccac
ACVRL1,REC-GRNA-0007425,attgcaaggggcctacctgc
TSC2,REC-GRNA-0007445,gacgttgatggtgcgacaga
TSC2,REC-GRNA-0007447,gacggagtttatcatcaccg
OPA1,REC-GRNA-0007456,agtctcgtagctaatcttgc
TSC2,REC-GRNA-0007570,cagagggtaacgatgaacag
MTOR,REC-GRNA-0007820,cacaacccagcgtgagccga
MTOR,REC-GRNA-0007821,gtgctgaccgcaatgagggc
MTOR,REC-GRNA-0007822,ggctacagctccctcacgga
MTOR,REC-GRNA-0007823,gttccatggtgacatagtgc
PLK1,REC-GRNA-0007898,cgtggaatcctacgacgtgc
PLK1,REC-GRNA-0007899,gatctcggacgcggacacca
PLK1,REC-GRNA-0007901,tagtggacccacgcagccgg
PLK1,REC-GRNA-0007902,acctcgggagctatgtaatt
OPA1,REC-GRNA-0008969,caatccatttatattcacta
PLK1,REC-GRNA-0009007,gcggtgaatggatatttcca
PLK1,REC-GRNA-0009008,ggcttgagcagcagagactt
MTOR,REC-GRNA-0009146,gagccggaatgaggaaacca
MTOR,REC-GRNA-0009149,cagctcgttaaggatcaaca
AKAP1,REC-GRNA-0009319,cctggatacgtaaaacaaaa
CCNC,REC-GRNA-0009329,acatattgaatgacaaacac
CDK19,REC-GRNA-0009330,tctgcaatgcaatcacatta
CEP85,REC-GRNA-0009335,gcttttcctaaattccagaa
CRY1,REC-GRNA-0009337,tccatatacaatggccacta
DNASE1L2,REC-GRNA-0009345,ggccctttgagggaaaggca
FBXO5,REC-GRNA-0009362,actgcattaaagactatgaa
GPT2,REC-GRNA-0009367,tagtatttgacaccacaaca
KBTBD3,REC-GRNA-0009383,gcaatagcaaaacagcacct
LDLRAP1,REC-GRNA-0009388,acgctagtggagcagcccaa
NEXN,REC-GRNA-0009413,tgcaattccataacacaaaa
NGDN,REC-GRNA-0009414,gctgctgctcatgtacctta
PRMT9,REC-GRNA-0009427,tgaataaacgaaagatgtca
PTPN4,REC-GRNA-0009432,gcacgtaccttagaactcta
RASGRP1,REC-GRNA-0009435,attttttagacaggacacaa
RRN3,REC-GRNA-0009440,agtcttgctgaagtacaaaa
SH3BP4,REC-GRNA-0009446,acttcctttgcatttccgaa
USP1,REC-GRNA-0009481,gccaggagcaagaaatagca
ZNF90,REC-GRNA-0009492,gccacatctctaaattccaa
AVPR1B,REC-GRNA-0009503,cccacttacattatacatca
WNT3A,REC-GRNA-0009552,ccgcttctgcaggaactacg
SLC39A8,REC-GRNA-0010000,tagcatttgaaaagccatga
EIF3H,REC-GRNA-0010001,tcctttccctcagcacacag
EFCAB3,REC-GRNA-0010002,ttcttctacaaggacaaaac
HSD3B2,REC-GRNA-0010003,accaagctgactgtacttga
NGRN,REC-GRNA-0010004,tccgattccagaaaattcgg
SCAMP1,REC-GRNA-0010005,atgcaaaacctcagtcaaca
TRIM22,REC-GRNA-0010006,gagagtcatcttggacaatg
GSTT2B,REC-GRNA-0010007,gtgatttcatcttgaccgaa
APEH,REC-GRNA-0010008,tcagctgaccagcatcccaa
ATP4B,REC-GRNA-0010009,ctcctggaagaagtactgct
TENT2,REC-GRNA-0010010,acataatgtgtatgaaacaa
KCTD7,REC-GRNA-0010011,tgttcgagctgtgtacaaag
DCD,REC-GRNA-0010012,gcagctcaaaaggaaaatgc
NEURL3,REC-GRNA-0010013,gccatgggacctcagcaaca
SCGB1D1,REC-GRNA-0010014,gctcttggttctgaaatcac
DYDC1,REC-GRNA-0010015,ttctctttcacgctccagct
VEGFB,REC-GRNA-0010016,cccttgactgtggagctcat
PSENEN,REC-GRNA-0010017,tgaccaaccagagaaaaggc
MPND,REC-GRNA-0010018,acaagagtcggagaccactg
FBLN2,REC-GRNA-0010019,tgtgagtccaatcctaacct
FGL2,REC-GRNA-0010020,tgtggcaaacaatgaaacag
MTMR14,REC-GRNA-0010022,actcagtaccgggccaagga
MAPK4,REC-GRNA-0010024,tccccgtaagcatctcagcc
SUPT3H,REC-GRNA-0010025,ctcaactctattgaccagac
GSAP,REC-GRNA-0010026,ttgtcaaaccagacaaaatg
LY6G5C,REC-GRNA-0010027,taagtttgttcctgtcaatt
ERGIC1,REC-GRNA-0010028,tacgcagccaacgtacaccg
TACR3,REC-GRNA-0010029,gttttggaataaagacactg
BARHL2,REC-GRNA-0010030,gttcggagattgataccgta
BAG6,REC-GRNA-0010031,tcccagaagatgccccagaa
CEP104,REC-GRNA-0010033,tttcatcactgaaatctgca
ZNF347,REC-GRNA-0010034,ccaacatagagataatactg
JARID2,REC-GRNA-0010036,gggagatttacaaaacagca
F11,REC-GRNA-0010038,cattattcacactaacccaa
HCK,REC-GRNA-0010039,tccttctaacaagaactcaa
LGALS13,REC-GRNA-0010040,tctgatgagcataaactctg
TGFB1,REC-GRNA-0010041,taagtagaagaatcacttag
RCAN3,REC-GRNA-0010043,acagtctataatctccaaaa
HDHD3,REC-GRNA-0010044,accgtaaggatctaaatcca
CD101,REC-GRNA-0010046,attaaagggtccataaacta
MMAB,REC-GRNA-0010048,tgtgtgtagaatagtctgaa
DNAJA4,REC-GRNA-0010049,cttagcaacaggggacaaca
XCL2,REC-GRNA-0010050,tcttccactaagacaaatag
CNPY1,REC-GRNA-0010051,atttatgaaatggaacacac
MGAT5,REC-GRNA-0010052,attcccagtaggaaacacaa
PPARGC1B,REC-GRNA-0010053,ccagtccctcatgaaaatgg
EFCAB14,REC-GRNA-0010054,tttgtaaatagagaactagg
ZNF394,REC-GRNA-0010056,ccacagtgacagatccatcc
DEFB112,REC-GRNA-0010063,cacaaagcaacatatcacaa
NOTUM,REC-GRNA-0010065,tgaagctgtggattataaaa
RNF220,REC-GRNA-0010066,cctaaatcccaagtaaaaca
LRP10,REC-GRNA-0010068,aatgtttaaaagatccagag
GZMM,REC-GRNA-0010069,aacccctgtacaaatcactg
DNAAF4,REC-GRNA-0010071,tatgaaaataaggcacacaa
TNNI3,REC-GRNA-0010778,ttcatccaccttgtccacac
ARL14EP,REC-GRNA-0010780,aaatgcacacagataatcaa
MYADM,REC-GRNA-0010782,ggacaggaactggacatagg
MPHOSPH9,REC-GRNA-0010784,tatacagtgggaaaacaaat
HECA,REC-GRNA-0014042,acactaagcactacacataa
ADAMTS7,REC-GRNA-0014043,acaacagttcaagaactgaa
CYP11B1,REC-GRNA-0014044,aatccctcccccctactaca
SLC30A7,REC-GRNA-0014045,atactctctcagaatcttaa
PCMTD1,REC-GRNA-0014046,gctatctataatatactctg
DDX52,REC-GRNA-0014047,ccaatcaggcttttaaactg
ACSM1,REC-GRNA-0014048,agggaatgcaaaaaactcaa
SRC,REC-GRNA-0014049,tgaggacttgagcaacacct
MYLK,REC-GRNA-0014050,tctctggccaaatgagataa
STIM1,REC-GRNA-0014051,tctctttgtatacaccaaca
GSTM4,REC-GRNA-0014052,gcacacactataaacaaaaa