gene,rec_id,sequence
ACVRL1,REC-GRNA-0000003,GTACTCACCCTGGGTCACCA
ACVRL1,REC-GRNA-0000004,GTAGTGGTTGACGAACTCGG
ACVRL1,REC-GRNA-0000179,GAGACCCTGTGAAGCCGTCT
ACVRL1,REC-GRNA-0000182,CTTGTGGCACGGTGAGAGTG
OPA1,REC-GRNA-0000226,AGCTTCAACGACCCCAATTA
OPA1,REC-GRNA-0000229,GGAAGAACTTCTGCACACTC
OPA1,REC-GRNA-0000230,ATACGCAAGATCATCTGCCA
OPA1,REC-GRNA-0000231,GATGACACGTTCTCCAGTTA
TSC2,REC-GRNA-0006770,CCTTACCTGCCCCTGCACGA
TSC2,REC-GRNA-0006771,CCAACGAAGACCTTCACGAA
MYLK,REC-GRNA-0014050,TCTCTGGCCAAATGAGATAA
STIM1,REC-GRNA-0014051,TCTCTTTGTATACACCAACA
GSTM4,REC-GRNA-0014052,GCACACACTATAAACAAAAA
